txn_id,sender,receiver,amount,time,location,device,is_fraud
23c6612f-4826-4673-a3a7-711a81332876,achang@example.org,tammy76@example.com,84443.74,2025-06-24 23:51:43,Brandyborough,Linux,False
71545a13-7a1d-4006-8d72-3104f77383c1,montgomeryjohn@example.net,kyleblair@example.net,4058.03,2025-06-05 20:47:17,West Ryanborough,Linux,False
b421eaeb-5340-47ca-baf3-897a3e70f16a,bryan80@example.org,ypage@example.net,40499.36,2025-06-14 17:14:15,Claytonmouth,Windows,False
8c25166a-1ff3-4849-b4e1-357d4a84eb03,leeashley@example.org,lindawest@example.org,96780.32,2025-06-25 18:09:56,Rodriguezside,Windows,False
a81ad477-fb36-45b8-9cde-b3e60870e15c,lisa83@example.net,sean96@example.com,58342.37,2025-06-13 05:30:53,Ivanburgh,iOS,False
adf20806-e521-4606-b717-6e84d977e993,thomas12@example.org,kirbyrachael@example.net,50473.64,2025-06-16 11:09:53,Aimeebury,Windows,False
1dfc8352-4562-4e7f-bb42-e0b20426465e,criley@example.com,christopher91@example.com,13983.18,2025-06-13 13:44:23,Meganbury,Android,False
1ea45cd6-9371-471f-9480-865f9b38fe80,nathanjackson@example.com,garciadustin@example.net,61840.72,2025-06-02 12:33:47,North Davidborough,Windows,False
8b53031d-05d5-4433-ade9-b2b4efdd35f8,hdavis@example.org,leetara@example.net,98726.05,2025-05-30 16:15:02,Lake Lauren,iOS,False
3308fb2e-642a-4d48-bcfc-fa81b306d700,qoliver@example.org,charlesturner@example.com,31021.66,2025-06-01 08:52:30,Williamsville,Android,False
713b7e05-ebe2-4368-98c7-52051e01a934,michael79@example.org,tammybrown@example.net,89884.84,2025-05-31 16:57:22,West Alyssa,Windows,False
47e7f593-8b58-45ca-8bb2-c3f0bd30291a,alexandermaldonado@example.net,deborah64@example.org,47219.55,2025-06-12 18:40:41,South Judithmouth,Android,False
b2d650af-313b-42b7-9836-31890063e42f,johnbenton@example.com,emily99@example.org,35385.6,2025-06-17 10:17:31,Goodmanland,Windows,False
870f084c-7244-4536-a85e-25b4b3969057,ernest37@example.com,sjohnson@example.net,61092.59,2025-06-08 12:10:09,East Seanview,iOS,False
fca05536-2169-4f82-b9bd-ee2dd663049d,modonnell@example.org,simpsonlarry@example.com,96660.97,2025-05-28 10:56:35,Lopezland,Linux,False
b044284a-47ac-42f6-8d6b-234fdfa7c6ed,moraleserika@example.com,lewisjennifer@example.org,44274.91,2025-06-25 08:49:20,East Davidborough,Windows,False
1d77ce40-58d8-4776-a51a-d4f3a699bae0,craignash@example.com,johnsonrobin@example.org,6237.34,2025-06-21 19:13:30,Lake Abigail,Android,False
756b0715-e718-4322-a4e6-95c9b65d1226,joshuasmith@example.org,eringrant@example.com,9336.25,2025-06-24 02:43:19,Port Karafort,Linux,False
c787ddfb-5697-417c-97fd-3736b7ef941c,iwatson@example.org,nicholascarter@example.org,71028.24,2025-05-31 11:46:58,Matthewstad,Android,False
122411e6-ba89-42dd-85e6-9ea9db66bfda,williamsfrank@example.net,michael82@example.com,61193.59,2025-05-30 09:46:17,North Kyle,Windows,False
09aedbd0-6d31-4b4a-bf6b-8793b318ad4c,richard54@example.com,garciaregina@example.com,24398.65,2025-06-06 01:44:38,Davidville,Windows,False
64d09913-191b-4adf-8202-861c62830869,matthew22@example.net,odrake@example.org,70367.22,2025-05-28 22:26:49,East Karaton,Android,False
dd138266-d26d-4396-9058-fe8c1d7173e5,shane79@example.net,rodneyrichardson@example.com,19114.8,2025-06-13 12:24:36,South James,iOS,False
5c949381-60c6-43ed-b55a-3ac132ae2a20,leachshannon@example.net,davidsanders@example.org,23869.21,2025-06-15 04:33:50,New Dustin,iOS,False
7fa74d8a-ff88-4c82-bf99-d273d5627386,danielcarlson@example.com,annelittle@example.com,80319.92,2025-06-22 06:57:31,Sheltonmouth,Linux,False
4b5ca436-953c-478e-a106-7a8cd7a3283c,amyvelazquez@example.org,janice55@example.org,9130.68,2025-06-11 17:07:24,Carrieberg,Windows,False
a7f5195c-de62-443f-a619-08b9ccf719ab,fjones@example.net,jonesdavid@example.com,87509.98,2025-05-27 10:03:05,Riveraburgh,Linux,False
993ec8c6-e6b1-46e2-8911-0af04a276dda,gschmitt@example.com,berryerika@example.net,10914.69,2025-06-18 16:41:43,Lake Ronaldborough,Windows,False
7e56ac3d-10cc-4711-952a-e5ca4124405b,epetersen@example.com,melissayates@example.net,70659.08,2025-06-22 12:25:47,West William,Windows,False
7de8a234-2412-479d-aaf9-44e07b38785b,sherri46@example.com,pbrown@example.org,81448.54,2025-06-03 03:05:28,Brianton,iOS,True
21f8c156-9e0d-445b-992a-34a1084fa819,nunezedward@example.com,djohnson@example.com,96384.22,2025-06-09 17:26:29,South Kimberlytown,Windows,False
aeba42d0-f830-4249-9fd3-af07a6855857,daniel85@example.org,xlogan@example.com,44504.45,2025-05-30 06:57:50,New Jaclynmouth,Linux,False
a1cba182-ca20-454d-9b47-1c437499b28c,kristina26@example.com,stonekristen@example.org,31711.51,2025-05-28 02:32:19,Wallaceborough,iOS,False
a09f1aed-e386-40e7-a27a-c8e9d1c3d1bc,huberrachel@example.org,bscott@example.net,29040.05,2025-06-15 22:56:02,East Clayton,iOS,False
f45da406-bbf9-4b01-a7f9-e728c618fc1e,hhunter@example.org,bsnow@example.org,82148.51,2025-06-24 00:47:22,Brownchester,Android,True
590e83da-586f-4721-8785-48d7b1182d23,moodyryan@example.com,crawfordmichelle@example.com,61281.19,2025-06-17 15:16:36,West Chadstad,Windows,False
9ad7558f-eecb-425b-864f-768db080e003,alejandromccann@example.com,carlsondouglas@example.org,47658.33,2025-06-02 02:29:43,Lake Adrianstad,Android,False
efe78b60-4bdd-4f99-8ae9-ee11f5fe0213,michelelopez@example.org,qcooper@example.org,67875.61,2025-05-27 19:09:36,West Matthew,iOS,False
a9c72e7b-6b77-4df1-9f59-aa2c4a82e06a,jack11@example.net,eric22@example.org,87678.27,2025-06-05 10:29:16,East Kari,Android,False
3f80c31f-15a5-412c-9ac4-b6c7a31034dd,callahancarolyn@example.com,parkdavid@example.com,84247.6,2025-06-12 11:36:20,New Robert,Linux,False
f344c911-174f-4a54-b88c-161ef3cc9d8a,ochen@example.net,bennettalan@example.net,83788.14,2025-06-22 23:57:17,Harrisport,Windows,False
efe6171b-5723-4959-b415-1accf5a3e893,laurahill@example.net,lauragriffin@example.com,52183.79,2025-06-01 12:31:12,Reynoldsbury,iOS,False
c4c536fb-1d4d-4180-8c6e-6fbb37fef6b5,michaelwelch@example.org,sfischer@example.org,84950.1,2025-06-20 20:46:16,Montgomerytown,Linux,False
ab2212c9-e23b-480e-8523-dbbb1eeed219,amy26@example.net,fdavis@example.org,57973.7,2025-06-12 06:32:22,Ramireztown,Linux,False
4e3c0f2d-4332-459d-8ad0-0273120961ea,smithraymond@example.net,vwallace@example.com,49270.61,2025-06-06 13:47:52,New Christopher,Windows,False
674610eb-8b27-4c29-a274-c0d7f4a5cc36,david32@example.org,scallahan@example.net,8246.48,2025-05-30 23:49:44,New Daniel,Android,False
be0a5a56-7900-4c61-a1d2-0ebc5aa3892a,kelly59@example.net,ericterry@example.com,48649.56,2025-06-07 23:55:19,Taylorport,Windows,False
641659c0-78b6-4daf-9afb-9565068a3c38,frobinson@example.net,trevor07@example.com,84509.31,2025-05-31 05:52:13,Williamsborough,iOS,False
a3ef802e-df86-43ce-8534-32cdffeb5d5f,mathistiffany@example.net,parksjudy@example.net,1630.74,2025-06-07 19:31:45,Blaketown,Windows,False
25e4979d-6f6d-4f79-affe-2554e5aef699,jessica32@example.net,james67@example.net,11722.26,2025-06-05 20:47:13,West Robert,iOS,False
cbab5b51-385c-4fdc-bad3-116b63b8a897,jfitzpatrick@example.net,david27@example.com,37212.3,2025-06-19 15:22:09,Simmonsfort,iOS,False
3baa17f9-2c62-4ac3-ad70-27cfa358cb1d,scottharris@example.net,bullockarthur@example.net,33260.29,2025-05-29 11:59:57,West Brian,Android,False
3725bd0c-79c4-4c38-b440-ffe0413770e2,cheyenne84@example.com,oellis@example.net,10069.75,2025-06-11 10:39:20,Carpenterfort,iOS,False
315e8080-7425-44e9-b891-aef5ebe0572c,joseph00@example.org,adam02@example.org,85533.71,2025-06-19 13:27:18,New Randy,iOS,False
3012ae1c-5882-43bb-8646-96c1deb4e6c4,charlene91@example.com,amanda54@example.org,4532.95,2025-06-11 14:52:44,West Christopher,Android,False
75ff93f0-025b-4c5f-9284-b9d78d4e2753,johndaniel@example.com,zachary64@example.com,2679.41,2025-06-06 06:40:59,North Kevin,iOS,False
70cdc4a8-36a5-4e06-ab52-ee01e25e6512,dhardy@example.com,hstevens@example.org,60637.78,2025-05-29 09:42:34,Port Kathychester,Android,False
8e9b185e-1b77-4deb-af51-ea78fea2a33a,meyersangelica@example.com,haleyjohn@example.org,39127.03,2025-05-30 19:16:03,Sarahmouth,Windows,False
3fafa217-6a27-441f-bb9e-5a022c2df3c2,chelsea34@example.com,qherrera@example.com,83386.1,2025-06-02 21:56:00,New Kristenville,Android,False
b76fc5b2-acc5-42df-bac4-9efa5be12d09,justinfitzgerald@example.net,harmonzachary@example.org,3648.84,2025-05-30 14:44:15,Davidshire,Android,False
5df2e073-53f0-4099-813d-d49a8d99743c,jeffrey31@example.net,emily35@example.net,19467.15,2025-06-10 08:50:24,East Lisa,iOS,False
d0f0c75d-21d3-4e24-bb89-17463c3da911,burnettnatalie@example.org,williamjones@example.org,71814.15,2025-06-19 09:41:08,Hudsonborough,Linux,False
f568c9c6-033c-4469-8f06-ea1874a26444,kathleengomez@example.net,cristinalester@example.org,21065.55,2025-06-14 10:34:41,New Caitlinfort,Android,False
f19b43da-6253-4fe3-8aae-b212c90ded29,angelamartin@example.com,tpayne@example.org,93697.55,2025-06-03 17:38:24,Warnermouth,Android,False
5b3a4595-0458-42c1-8e0e-15d3298e9a79,clarkleslie@example.net,matthewalexander@example.net,54428.1,2025-06-15 18:04:48,West Max,Android,False
f8db1a4d-584d-4c02-8ff9-d318d22a3a62,oconnoredward@example.org,bburton@example.org,83591.91,2025-05-28 07:25:10,Lake Mark,Android,False
8805ae31-88a0-4dce-8384-860ce413961f,ntaylor@example.com,tthomas@example.org,22090.72,2025-06-15 10:22:50,Reyeschester,Windows,False
2d20481a-d216-4d53-9408-8ff7d7133061,kmalone@example.org,kfinley@example.org,35035.89,2025-06-10 23:26:42,North Mark,iOS,False
bcee9d29-ce4f-4ca0-971a-a4f640a21015,sonyafrye@example.org,jennifersimmons@example.net,6113.63,2025-05-30 01:40:48,Mckinneyton,Linux,False
7e083c1b-cda6-4326-8514-37d6566ff3ec,cjohnson@example.com,howardemily@example.com,3947.48,2025-06-03 01:04:14,Francisfurt,Android,False
1eb95739-b8ac-4d81-a522-ff4674b7061c,hsmith@example.com,xmadden@example.net,69935.32,2025-06-13 01:48:20,Sarahton,Linux,True
571c9d78-8429-4eae-877e-5ea1c33993f2,dreed@example.org,jody04@example.net,19943.59,2025-06-16 08:55:46,Wandaborough,Windows,False
d1f0c570-bf55-45ce-98a1-a54654a6087c,qgood@example.org,knightmark@example.org,90440.82,2025-06-13 13:04:16,Franciscoberg,Linux,False
0b2975c6-918f-4358-a408-c3c2c9d0a7f4,richardsbrett@example.org,michael45@example.com,83834.27,2025-06-19 10:39:05,Archertown,iOS,False
d48457df-f325-4f2d-8759-5b016c835975,amartinez@example.net,qbrowning@example.net,69772.73,2025-06-19 07:39:03,North Ana,iOS,False
6dbf859c-037d-4752-88f3-531c4fb7c3bb,alyssabrown@example.net,bethanydavid@example.net,96655.22,2025-06-19 20:38:31,Fischerview,Android,False
62574c5a-9033-44bf-8812-36e6ec77cfc8,sophia88@example.net,veronica36@example.org,78866.94,2025-06-21 07:15:36,Port Donna,iOS,False
3fcb34fa-bc39-41b3-bb1d-867704e6748a,steven08@example.com,rachelcox@example.org,84544.01,2025-06-16 08:49:54,Courtneyfort,Windows,False
650dd400-a27e-480d-ad3f-4b37ed9081c1,joshuaduffy@example.com,berryjoel@example.net,52952.13,2025-06-09 10:47:49,East Frankland,Android,False
09d5b64f-d292-4f4b-a151-4a0db27516ea,johnny59@example.com,parkertravis@example.com,59683.17,2025-06-02 01:03:11,Hughesfurt,Linux,True
01267789-5c6b-4596-98f1-6c91dd6d47e4,kgomez@example.org,mark06@example.com,66563.93,2025-06-23 14:06:31,North Christopher,Android,False
987d616d-2462-4274-abbf-66c7680aee2a,leedaniel@example.net,bwilliams@example.com,47167.83,2025-06-07 17:45:11,Port Cynthia,Linux,False
be80793e-b0f1-4b1d-8e10-fed6d2d07223,richardtorres@example.org,davidanderson@example.com,90010.8,2025-06-17 02:52:17,Lake Madisonton,Windows,True
ef7dee1a-8476-4f98-825d-e95fc846bf90,wherring@example.net,millergreg@example.com,64896.86,2025-06-02 00:12:04,Markview,Linux,True
74e04bbb-ca80-43a7-a5fd-89c831610b3d,jlutz@example.com,benjaminrichards@example.net,83767.74,2025-06-11 07:50:46,Lisaland,Windows,False
1a9e8547-147a-48ac-865d-8e4ed01e488b,lisaboyd@example.net,roberta27@example.net,15349.74,2025-05-28 16:12:16,Port Zacharytown,Android,False
567fec5e-04ea-481d-a006-8c1cbbd743b3,klawson@example.com,martha85@example.net,45800.84,2025-05-30 12:36:56,Saraburgh,Android,False
c1a7de00-9ec1-4fa2-a6df-12ce9aa909f1,bradleybrewer@example.net,laura09@example.net,33598.3,2025-06-01 00:07:20,South Brianstad,Android,False
675d0855-2d55-40c9-8576-598359cd012a,emily97@example.com,anthonylang@example.org,54436.51,2025-06-24 10:31:53,West Coletown,iOS,False
1480f037-d39a-4bb0-962b-68d41880fa4b,morriskrystal@example.net,dalvarez@example.net,24020.64,2025-06-21 19:45:52,Anthonyhaven,Linux,False
2cb38568-291a-48af-a59a-2b28b22b8974,michael17@example.org,reginagarrett@example.com,35229.03,2025-06-24 18:07:26,South Matthewside,Windows,False
e0db22d3-29e3-46ad-b9dd-c4775a220eb2,daniellesanchez@example.net,sonya76@example.org,67343.61,2025-06-02 18:04:21,Markbury,iOS,False
06714938-04fe-473d-a61c-ec19fff83cec,kford@example.org,acunningham@example.org,71564.78,2025-06-23 20:51:47,Lake Peterburgh,Linux,False
2348e1b7-ec2b-4e21-bf7a-38e0b6118bd6,william00@example.org,kimberlynunez@example.com,74851.1,2025-06-19 14:11:31,Grahammouth,Android,False
3d7439ee-6514-4471-aa95-1570399bcb79,william86@example.org,rickyhopkins@example.org,162.41,2025-06-08 21:45:20,Sanchezfurt,iOS,False
de0989b9-5252-4d45-9c68-4df10a515e87,lsanders@example.org,whitney85@example.net,69861.28,2025-05-27 14:41:22,Mcdowellview,iOS,False
7644d183-9aab-422d-b5ef-8aabb693f4ef,gmaynard@example.net,thomasphilip@example.com,23949.2,2025-06-17 21:22:04,Hamiltonville,Linux,False
e08c28eb-3218-4fbf-8dcc-bbedc0e0d55b,genewells@example.org,kathleen15@example.com,37871.02,2025-05-31 05:47:07,Katiehaven,Linux,False
1c3c8d35-21d4-4b7e-a258-7c8958ccf9b4,gregory95@example.com,swalters@example.net,3164.23,2025-06-08 21:31:11,Adamsborough,Linux,False
351c5aac-2728-4c95-ab52-dab12367ad9e,gabriel69@example.com,tjones@example.net,77220.85,2025-06-16 09:14:20,Gardnerside,Android,False
e63317c3-4303-42c7-9cfb-de0ac5fee487,jeremyfox@example.com,rachel94@example.net,16575.84,2025-06-19 18:10:05,Port Sydneychester,Android,False
4e60678b-82f4-448a-b8a5-5d6bf2ded00f,matthewmason@example.com,rhondarollins@example.net,25930.1,2025-06-12 14:59:27,South Michael,iOS,False
fb5214d9-9a66-448d-a4f0-d9c298856c7f,gforbes@example.net,dylansilva@example.net,44642.01,2025-06-17 02:15:26,Lake Kimberlyborough,Linux,False
73df770a-ad0c-4bfc-9baf-01f1517fa07e,adamsjessica@example.org,cmiller@example.org,90804.91,2025-05-30 10:07:58,Lisafort,Android,False
fe656bef-e0ef-4989-aab4-65e9d97d2b38,breanna47@example.org,annawilcox@example.org,88388.68,2025-06-19 09:01:13,North Maria,Linux,False
cd6665d8-edf2-4720-a003-2713ea8fd23d,nfranklin@example.com,lbaker@example.org,32601.13,2025-06-23 13:12:02,South Annette,Linux,False
3ad23fbf-2e57-4864-83eb-280e79017990,schneiderrichard@example.org,nwilliams@example.org,4995.2,2025-06-04 00:30:15,Piercefurt,Linux,False
cfd64560-5c05-41f3-a41d-3e274bf41e10,erik92@example.com,riverstimothy@example.net,18808.25,2025-06-24 13:14:09,West Timothyville,Android,False
58e760bf-8f3e-44f4-b914-0a61ee65afeb,taylormichelle@example.net,brendagonzalez@example.org,83746.46,2025-06-21 19:42:43,Kleinville,iOS,False
13d72846-1777-4c3a-9743-5d9ced3032ed,monique03@example.org,troberson@example.com,98682.28,2025-06-02 16:46:11,Kellyhaven,Linux,False
66b48fc6-1e94-4b4b-874f-73cad4c667bb,ashley35@example.com,jesseboyle@example.net,94955.26,2025-06-19 05:56:29,Justinberg,Linux,False
e7524102-7acf-4bcc-9af4-321addd3e779,vincent73@example.net,crystal56@example.com,31624.55,2025-06-06 17:40:48,Saundersport,iOS,False
ef8dff9b-fae3-4cee-b636-efd98376ffa8,david25@example.org,sarahmorgan@example.org,1438.99,2025-05-30 06:13:40,Hestermouth,Android,False
fbf28c1c-6e6d-486c-b7b3-7a86d21dbc09,emmashaw@example.com,leonardsutton@example.org,98024.66,2025-06-10 02:43:03,Macdonaldbury,Android,True
01275a63-88da-491b-a1f6-c8770212585b,johnstonbilly@example.org,james52@example.org,19054.09,2025-06-01 09:14:19,Anthonyton,iOS,False
eda67806-3a19-407d-bbfb-255eed0d0418,darrenjacobs@example.org,figueroajames@example.org,87366.65,2025-06-11 13:36:18,Jonesburgh,Windows,False
565af699-d3bb-43d7-9e12-425cb42fb357,zreyes@example.org,wclark@example.org,68857.12,2025-06-14 10:23:38,Anthonystad,iOS,False
92bba701-3503-456e-a100-2dbd22ca9fe8,mdavidson@example.net,kingdakota@example.org,10027.07,2025-06-04 03:30:47,New Kelsey,Linux,False
41229d75-6a8d-4e84-a0fe-652b56fe2301,james88@example.org,steelethomas@example.net,62767.63,2025-06-22 18:11:53,Whiteside,Android,False
40d2d16f-3db6-42f4-adf2-fc823956fba9,gmiller@example.com,shawnbell@example.com,27478.64,2025-05-27 16:15:55,New Richardmouth,Linux,False
f239fbb0-1f6c-4ec1-ac54-6740a182e35f,oalvarez@example.com,michael79@example.org,79984.46,2025-06-25 00:37:54,East Kevinhaven,Android,True
cd4668fe-f2b7-4bd2-897b-e2af0c10ef01,moorebenjamin@example.net,katiemcdonald@example.net,86137.38,2025-06-01 14:08:27,Leefurt,iOS,False
70fe3cfc-991a-4513-b69f-e284edc641cd,pam83@example.net,isaac89@example.net,65360.16,2025-06-08 23:33:22,Nolanshire,Windows,False
840658d1-c1da-4d39-b735-0626dca8b6fd,sanchezrebecca@example.com,aaronbrown@example.org,11519.78,2025-06-09 06:09:50,Lake Gabrielle,iOS,False
51497435-a9c9-424e-bd72-3837705bacc2,omiddleton@example.com,trevor32@example.com,27848.2,2025-06-12 16:21:05,Jenniferfurt,Android,False
166adfc4-3513-498c-a7f8-ab5705727bb5,ojones@example.org,stephanielong@example.com,4239.34,2025-06-17 04:37:44,West Janet,iOS,False
9ad73702-140a-442e-90e8-57f88986148f,yrichards@example.com,cynthiayu@example.net,68102.87,2025-05-31 01:14:26,Parkerside,Windows,True
42260a44-773b-4350-a743-e0df5e15428a,ngoodwin@example.com,larry03@example.net,94650.79,2025-06-24 23:59:10,New Michellehaven,Android,False
958cd60e-a07f-4f47-90c6-fa8c27a0008c,watkinsjoshua@example.org,gcruz@example.com,84637.53,2025-06-02 19:25:36,Selenaton,Linux,False
6e05724d-b49b-43d5-9e70-9e1907f79ee0,hbrown@example.com,uflores@example.org,71238.64,2025-05-30 10:59:47,Port Donald,Linux,False
d1cae193-7ed6-4f4e-a875-176629530a13,anthonynelson@example.com,coopernathaniel@example.net,64017.72,2025-06-01 15:31:03,West Zacharytown,Windows,False
961139cf-ffbd-4d47-9c79-72f0133894b3,walshjonathan@example.org,wendy19@example.net,87142.36,2025-06-08 11:45:24,West Ashleyhaven,iOS,False
5931c9b4-7061-46ff-becb-a4c8b2c92c12,toddmeyer@example.org,colin32@example.net,20792.33,2025-06-15 20:40:00,South James,Windows,False
c833b07e-b4d5-4ffc-9f4a-518a4ef0ba9b,josephkaufman@example.com,jasonclayton@example.org,899.62,2025-06-04 06:21:24,North Donnamouth,iOS,False
d4dc2301-882a-4925-80b2-db0c6a2465cf,austin90@example.com,jacksonjoshua@example.org,27144.63,2025-06-11 08:11:51,Michelleland,Windows,False
a94501d7-f9d0-4163-9ef1-274a13801f25,lmartinez@example.com,grant36@example.net,78964.42,2025-06-16 22:08:01,North Maryview,Android,False
f367dbe2-40e3-469f-b9b6-6d71951a0518,logan84@example.org,melissaschwartz@example.org,33832.21,2025-06-03 17:56:16,Port Paulview,Android,False
d3100ac5-1932-463c-8eec-95b014c30b50,renee87@example.com,hendersongavin@example.org,4129.88,2025-06-02 21:22:29,Reyesbury,iOS,False
0ef05b6f-ed48-49e7-afd1-64eeb287c440,rebeccahorne@example.org,alicia18@example.org,14950.11,2025-06-10 22:55:33,Richardfort,Windows,False
3b8ddd5b-2e66-4ecb-86f9-f4e68b4eb003,jennadickerson@example.com,johnwalker@example.com,36097.05,2025-06-19 15:01:56,New Tonya,iOS,False
db0198ff-de21-4855-8c71-3ba64ca49e01,tschaefer@example.org,katherineanderson@example.net,29347.77,2025-06-16 09:30:58,New Vanessa,Linux,False
d335914c-e62c-46a3-82fb-ad7c88662aba,bowenkristy@example.org,jenkinsparker@example.com,73054.87,2025-06-02 08:02:18,Garcialand,Android,False
96062930-2860-4311-8315-d334e47c98ea,smithjulie@example.org,rcole@example.com,30794.9,2025-06-25 03:35:32,Scottland,Android,False
992e7dea-0374-4263-8a06-09aa827acd0d,joycehodge@example.org,steelejohn@example.net,30274.04,2025-06-19 07:10:27,New Courtney,Windows,False
f0041e32-4bc0-4de3-9197-b56179b68b95,michaelhoward@example.com,dennis73@example.net,29929.56,2025-06-07 20:49:08,Turnerberg,Android,False
8278e1e5-2adb-4a67-83ad-d75843e1592e,michael96@example.com,gdominguez@example.com,9949.04,2025-06-16 04:44:42,East Ryan,Linux,False
04ade7b7-119b-4fb4-b0fd-e8c97575117c,lindseyholmes@example.net,qstark@example.com,47405.73,2025-06-05 00:14:05,Port Jessicaview,Windows,False
a81b3fe3-fda4-4455-acac-00dc024e8609,carlafoley@example.org,sheilalopez@example.org,12441.24,2025-06-23 04:14:25,Chelseaview,Android,False
0654f465-b311-49c4-9d86-fd12c8359b91,smithsabrina@example.org,suzanne36@example.com,69962.53,2025-06-18 02:39:00,Christopherchester,Linux,True
685e406b-8171-41eb-9766-c1439c9afcff,alexisschmidt@example.com,monicacruz@example.com,3792.06,2025-06-01 11:52:05,South Dominique,Windows,False
f8b55fb5-56d1-479c-8fbc-0318b6e4d16e,rebeccabrown@example.net,lucasdeborah@example.org,73477.75,2025-06-11 00:49:11,Collinsborough,iOS,True
424a2898-832e-4e1e-9b90-8d6de5e6190b,lesliewhitney@example.net,todd79@example.com,91969.69,2025-06-04 01:08:23,South Lindaburgh,Linux,True
4b511edb-7b76-4615-b6b1-465dbf2b6442,afranklin@example.net,catherinebarnes@example.org,80613.79,2025-06-16 13:09:29,New Kiaraburgh,Android,False
62937980-6879-4e63-9f74-2e70e36b3a5f,cohenronald@example.com,reidwilliam@example.net,6592.81,2025-06-20 00:21:13,North Cathyberg,Android,False
07117e78-e70a-46e9-ab6b-96ecea3a5bf3,ublackwell@example.net,christophermyers@example.net,19812.05,2025-06-18 10:41:22,North Jason,iOS,False
96ab64d2-3512-4906-a4ed-017b208a888e,georgereginald@example.net,richard80@example.net,6125.0,2025-06-21 01:33:47,New Shelly,Android,False
c2ff347b-d527-4331-a40e-b6c1c5cf255f,mariahray@example.com,johnny60@example.net,9816.67,2025-06-21 19:52:14,North Danielleberg,Windows,False
7c34e6eb-aeaa-4c48-94f1-a7a37378e6ca,shawnawilson@example.com,yangmarcus@example.org,44859.94,2025-06-05 20:50:12,North Nathanview,Linux,False
503a65d5-82ed-45ab-9fde-522dd429e0c9,fnichols@example.org,samuel68@example.com,78830.99,2025-06-12 11:58:10,East Douglasfurt,iOS,False
ba13834f-de8e-4228-aa64-8f16f0355088,natashathomas@example.org,hnewman@example.net,42309.58,2025-05-29 00:05:17,Annettestad,Windows,False
01c3df91-8327-4f64-8ae1-367a579e9b08,umorales@example.net,ohunt@example.net,22021.59,2025-05-28 02:06:48,Harringtonstad,Windows,False
5745ef5a-2e08-45fc-9da2-3c06f146b080,autumnalvarez@example.com,pwang@example.net,58526.95,2025-05-27 16:32:05,North Ashleyton,iOS,False
ff741d1c-a893-4bd3-86a2-9efb7af0cf69,todd60@example.net,destinywoods@example.net,43127.79,2025-06-22 13:47:11,North Kathleen,Windows,False
6e107e22-fa71-49d6-93e8-28869411723a,marissadominguez@example.net,blewis@example.net,11510.09,2025-06-09 14:05:51,New Scott,Android,False
a2157489-9fbd-4b9f-9675-6682996d6642,williammyers@example.com,nphillips@example.com,90302.04,2025-06-24 20:06:05,Sheribury,Linux,False
3fc34af1-9af0-4b9a-9ba1-cdb699aed9de,marcthomas@example.com,amandapage@example.org,75246.32,2025-06-22 18:29:37,Castilloburgh,iOS,False
9a9a56bc-326e-468d-b4e3-5152312cd434,fernandezrebecca@example.com,mhill@example.com,11899.84,2025-06-21 06:45:43,Jessicaton,Linux,False
fbb22429-55ab-42c5-8f08-502ee47e3d10,melanieellis@example.com,haley65@example.net,25655.4,2025-06-18 05:48:49,Brownville,Android,False
dac15a07-047c-456e-bd6c-c3648191cbeb,kathryngilbert@example.net,aparker@example.com,99704.08,2025-06-07 05:01:43,Lake Christopherland,iOS,False
9c7221e4-ec1a-48a3-ad51-fa2bf13a2ff3,stephanie91@example.net,andrewkramer@example.net,62345.27,2025-06-05 07:45:01,Mckinneyshire,Android,False
e5f14395-22e7-4e59-9414-7ca83455f1f6,joshuamoore@example.org,derrickliu@example.com,19805.02,2025-06-10 20:10:15,Dustinview,Linux,False
387787e2-bc8a-4038-9960-5cd1cab24a0a,ldickson@example.org,belldonna@example.net,36170.59,2025-05-30 17:54:27,Christopherview,iOS,False
e1976c14-aa06-4b5b-910d-115a74e56c68,shannonmadison@example.net,barnesdustin@example.net,10483.58,2025-05-28 04:36:44,Stefanieburgh,Linux,False
6478a399-8d68-4a61-8926-2a1337c67f46,phall@example.net,emma31@example.com,14848.72,2025-06-10 15:56:58,Amandaport,Linux,False
2d79f3f6-ca92-420a-82e8-fae231f0e150,thompsondaniel@example.net,blackdillon@example.com,63839.97,2025-05-31 06:51:21,Paulaside,Linux,False
a7f3c30f-26e5-42da-91b9-2f8b8a849529,bakerterri@example.com,coopermichelle@example.net,87766.88,2025-06-17 14:50:14,Port Jennifer,Linux,False
a7484ffb-bfd9-4e84-b770-ca8dac69c006,torresscott@example.net,nclark@example.com,67935.04,2025-06-25 15:42:32,New Richardhaven,Windows,False
83615006-1981-40d4-9bf9-a793ecb9cb39,antoniohall@example.org,jrussell@example.org,83355.01,2025-06-11 17:30:15,South Christopher,Linux,False
c4d3fec2-faf3-490e-986a-730259cd83d9,cassandrapierce@example.net,pburke@example.com,63510.13,2025-06-16 03:21:27,Bowmantown,iOS,True
d5ff7894-46ac-4201-9ab1-874e17668e8a,jacquelinejohnson@example.org,rlewis@example.org,54285.48,2025-06-20 17:31:51,East Shawn,iOS,False
db5bf01f-3d75-489a-a128-9e96ebe3387b,philip41@example.net,serranomitchell@example.net,980.37,2025-06-15 13:58:39,Port Derek,Windows,False
857d114b-4b91-4be8-bea4-ca6a33423b60,washingtondouglas@example.net,jocelyn21@example.net,81813.66,2025-06-05 14:30:11,West Rebeccaborough,Android,False
27c4bf8d-5994-4066-bd41-65889a347cda,vcurtis@example.com,cjohnson@example.org,52515.49,2025-06-04 14:15:28,New Jacob,Windows,False
92a97177-785e-4ebc-8003-8e5a4c8349bc,nancyjordan@example.net,darrylmoore@example.com,60262.65,2025-06-23 10:37:00,Gileston,iOS,False
cb020672-8fff-4a1a-b3e5-2b1541c14dc0,flemingdeborah@example.org,snyderabigail@example.org,84234.91,2025-06-21 18:50:32,South Lorraineshire,Windows,False
24ee198e-df30-4d42-8454-5268acc08d98,omartin@example.org,stephaniesantos@example.net,71815.98,2025-06-03 06:08:38,East Jasmine,Linux,False
d3d779d5-2430-4b87-9322-439ab54faf70,melaniecochran@example.net,carlosramirez@example.com,6645.25,2025-06-14 15:34:37,Bethton,Android,False
df6316b9-3f73-4143-a4dc-ea5ab888cb65,vbrown@example.com,bmyers@example.com,51657.61,2025-06-15 13:08:18,Port Christopher,Android,False
a2bc5350-a627-431d-b1f5-df2e184dc518,shawndickson@example.org,robert88@example.org,6644.81,2025-06-17 06:49:36,Bradshawport,iOS,False
91a69f34-d7cb-47ff-9c7d-710f77dc6602,joel44@example.org,dustin06@example.net,4072.8,2025-06-09 09:06:08,Williamchester,Android,False
f3531a52-44a4-414b-bf56-2e989bd23ec5,ethansmith@example.org,mzimmerman@example.com,75892.28,2025-06-22 08:47:54,Zacharyberg,Linux,False
a416c71d-f64d-477c-a0a4-ef0eee68e406,heatherclark@example.com,sandovalryan@example.com,33066.13,2025-06-14 14:54:39,West Robert,iOS,False
cd00f428-8ec1-4f83-9679-ddccfc8847d2,wrightkathleen@example.com,wthompson@example.com,80066.54,2025-06-21 10:22:42,Diazville,Linux,False
474fc1f7-4d26-40c5-aba0-8a2499ccda39,aanderson@example.net,ppena@example.com,96860.14,2025-06-15 01:44:13,South Brianport,Linux,True
42f378f2-7612-47e8-924d-bea9ab616040,granterica@example.org,aaronmorgan@example.com,90110.04,2025-06-09 12:43:37,East Nicholas,Android,False
bd90a53d-49e7-4dcc-9dd3-d9c38b75471e,sharonross@example.org,rodriguezjenny@example.com,57391.51,2025-06-12 07:16:57,Pamelaville,Android,False
60e63d0e-8f8b-46e4-86fa-11b492294b0b,sanchezmary@example.net,seanmartin@example.com,74699.07,2025-06-23 02:05:40,South Janet,iOS,True
f26bf956-f871-4f48-abc1-e83d96c9b54e,yucraig@example.org,uclark@example.com,28973.52,2025-06-02 20:18:20,Jacobtown,Linux,False
a486998f-52d5-4d8b-b657-9644e66bd3a0,justinpalmer@example.com,tgilmore@example.com,82571.4,2025-06-06 07:08:55,East Natasha,Linux,False
54eefdba-9a04-4b70-b334-25baf3871cf4,watsonchristy@example.net,emma01@example.com,84550.74,2025-06-17 20:04:53,East Lisa,Linux,False
abfa4f2c-b188-4048-84dd-f869b8163f1a,antoniogutierrez@example.com,mrichardson@example.net,60746.92,2025-06-02 01:56:51,Braunland,iOS,True
b397b350-838a-425d-b436-915272e99ed1,naustin@example.org,ejohnson@example.net,85133.15,2025-06-18 06:30:40,East Christinachester,Android,False
a0be4a1c-002b-4f92-8dc5-7bd96689ef79,caleb01@example.com,yschneider@example.net,65701.89,2025-06-16 19:51:03,West Todd,Android,False
e9daa8ed-d161-487f-ab32-976c4dd6862a,rreid@example.com,raymondsummers@example.com,74077.13,2025-06-17 09:14:03,Terrystad,Windows,False
197e85a0-c696-4bab-91b2-332ee0934e38,michaelcoleman@example.com,cameron35@example.org,50690.71,2025-06-07 06:17:37,Ericfort,Windows,False
88054048-f53a-4cec-8fbf-545a70bef8fb,sherryjohnson@example.net,alejandromeyer@example.net,33275.25,2025-06-09 01:52:14,Whitefurt,Linux,False
c2967bdf-54f2-4060-8467-2c65d1e0a50e,mooreeric@example.org,wellsjessica@example.net,85989.74,2025-06-19 21:33:36,Petershire,Windows,False
ecffd101-cb62-4873-8aeb-e0870a5a61a0,wjones@example.net,jeffrey74@example.net,77250.29,2025-06-23 18:50:16,Liuchester,Linux,False
be169d6b-f290-4831-852d-143c23a61526,woodkenneth@example.org,johnsonbradley@example.net,81005.65,2025-06-21 23:55:11,Banksshire,Android,False
e3531771-ba25-4533-805c-7d25fcb8f90c,laurajones@example.org,harriscraig@example.com,16387.9,2025-06-08 22:41:04,South Jennifermouth,iOS,False
fea0eb70-ca8b-425c-baab-6a44182165fc,ambertaylor@example.com,fdixon@example.net,23902.78,2025-06-11 03:45:26,Lake Natashabury,Windows,False
bc3548c5-5d46-49ba-b777-40fcc70312b9,hkemp@example.com,pstout@example.net,5562.15,2025-06-16 18:20:01,New Richard,Android,False
aaa91ed4-7be1-451a-bc12-55417d534839,sherri85@example.org,smithjonathan@example.net,48138.23,2025-06-16 17:51:10,East Darrell,iOS,False
3084486f-5226-4c27-8056-125ca1ddc5a3,joshuagreen@example.org,jacksondiane@example.net,49188.18,2025-06-05 15:58:36,New Lauraberg,Android,False
6bcf2a76-c1d8-4799-b760-77bb08a3b1e3,williamsonhannah@example.com,rhammond@example.com,67357.65,2025-06-12 16:19:14,Lake Martinfurt,iOS,False
f35fda3e-ed38-405b-9e8a-511b40de6794,kimberly24@example.org,jennifer56@example.org,81030.75,2025-06-19 04:00:31,Jeremyburgh,Windows,True
678fc81f-e3cc-4a04-ac07-1e2754536cba,jacksonjames@example.net,russelllisa@example.net,41119.91,2025-05-28 05:44:26,North Laurenburgh,Linux,False
cabf5c57-c579-4b58-9df5-c5b35d7ee6e3,brandycardenas@example.org,shawnpayne@example.com,38674.43,2025-06-13 18:06:55,Tamarastad,Android,False
29685a0e-646e-48a9-81f1-011b69d36af7,barnesjacob@example.org,aduran@example.net,10157.04,2025-06-22 00:27:07,New Kaitlin,iOS,False
40131e33-277b-40ad-befe-d21819475fb1,erikajames@example.com,johnnyhaynes@example.org,2032.61,2025-06-23 05:12:00,West Rhondaburgh,iOS,False
601b3bb5-48ef-49a4-b8c0-ace840a08643,raymondboyd@example.net,uflores@example.com,63000.33,2025-06-10 16:11:58,West Catherineview,Android,False
07814bf4-0683-48e1-8fb9-9a06b6649e79,porterdebbie@example.net,robertsimon@example.com,70010.97,2025-06-17 15:09:08,South Angelaview,Windows,False
5b123a92-9b6f-438a-8665-be98c138418d,yshelton@example.net,andrea87@example.net,19505.41,2025-06-18 06:47:29,Laneshire,Linux,False
278f58a0-fb6d-47c2-b1df-5a7cdc305717,kylejones@example.org,kristinachavez@example.org,11108.58,2025-06-25 10:50:47,Stewartmouth,Android,False
18a03a93-985c-4514-a550-dceaa6701b66,qpatton@example.com,jenna30@example.com,61015.87,2025-06-23 15:09:09,Phillipside,Linux,False
22a85558-9028-4d86-b769-8480a0fdd91b,patricia82@example.org,peckjames@example.org,61436.94,2025-06-10 15:35:00,New Alexandraberg,Windows,False
01d1f888-c541-4174-ae34-cc4c5d83c657,christopher52@example.com,brad11@example.net,65050.71,2025-06-16 06:35:53,Dianeshire,Windows,False
c30fe1c3-34a7-44d1-8f4d-9f876de0f539,osullivan@example.org,butlerjoseph@example.com,78858.76,2025-06-08 22:02:32,Eatonberg,iOS,False
b473e514-20a7-446b-b9c8-d852760eff62,mfuller@example.com,pachecosteven@example.com,95847.32,2025-06-04 16:50:04,Cooperburgh,Linux,False
1ddbb059-ffb9-471b-b69d-0faea9955b27,linda72@example.org,ldaniel@example.org,79936.13,2025-06-15 18:55:15,West Savannah,Android,False
3da104bc-f565-482a-b9a9-75ca28b671b8,graykatherine@example.com,melissa03@example.net,51905.54,2025-06-15 10:44:57,East Melanie,iOS,False
a1d577a4-26b4-40a7-9cf0-589debde3e11,marquezpaula@example.net,williamsjulie@example.com,3828.06,2025-06-09 21:01:36,Lake Donald,Linux,False
73de1a9e-87f3-4a2b-ac0e-b235e6effcd1,conleycathy@example.org,christopher91@example.org,44463.51,2025-06-21 13:29:08,Meganfurt,iOS,False
d5b2fd55-a89d-431d-a6ad-2510de7b2c42,kathryn26@example.com,sabrinabryan@example.org,45552.47,2025-06-02 07:16:10,Emmamouth,Android,False
6f283a32-70a2-4d8e-83c0-2b36ea727bf4,riveraroger@example.com,ilamb@example.com,95650.19,2025-06-01 05:18:10,East Cameron,Android,False
a9b8204c-fc69-4285-811a-1a6ce6c22011,wardjeffrey@example.com,jamesjensen@example.com,48621.65,2025-06-15 18:28:31,Brittanyfort,Android,False
fb910c6a-87b8-48c8-b48f-d1390c6d93b7,kim09@example.net,josephmason@example.net,94478.88,2025-06-20 22:58:49,Scottville,iOS,False
d98efec6-8fde-4b3c-9584-23a5005ba4e1,uberg@example.net,jeremy57@example.org,22973.23,2025-06-11 13:10:55,Lake Timothyberg,Linux,False
f497b5a6-5c1e-41f5-88e8-868fe5158377,phelpskathy@example.org,morrislarry@example.org,50715.6,2025-06-18 22:30:46,Port Jerryburgh,Android,False
6a372851-02c1-40b0-bce7-774272280d9a,hdowns@example.net,paula36@example.net,14577.59,2025-05-28 03:34:59,New Adrian,Linux,False
7dbcc5f7-69d1-44d1-860e-7019579dc1fb,kimberlybrown@example.net,sarahsnow@example.com,92288.83,2025-06-18 11:19:53,Kimberlymouth,Android,False
6db6cc9a-6735-4356-8c7c-9c38c0b2ae8b,lisa84@example.com,richard56@example.com,41569.96,2025-06-23 19:40:40,East Marymouth,Android,False
2f595bc0-dad1-4c2b-9656-1c9429efcdfc,samanthawhite@example.org,claudiaschaefer@example.org,41521.99,2025-06-22 01:00:26,Waynehaven,iOS,False
2328d866-975e-4ac2-b08d-f7c1e20fed4b,pmartinez@example.com,darrenmcmillan@example.net,73430.59,2025-05-28 02:34:26,Port Julieville,Android,True
9a614ac8-71a9-43e2-91f1-955c98e19c4a,annalucas@example.com,davistracy@example.com,79136.37,2025-06-13 03:56:16,New Jeffrey,Linux,True
1720b8b4-c12c-4c8d-999c-47458bd657c4,cody61@example.net,shelbyanderson@example.net,68644.95,2025-06-03 22:21:26,Garymouth,Android,False
df0b60b9-6234-439f-beb9-13924c041d5a,msmith@example.com,zwilkerson@example.com,49667.51,2025-06-23 17:53:50,West Cameronfort,Windows,False
be767191-ae1c-4845-9676-8476913e7095,coopergary@example.org,sherry09@example.net,72257.05,2025-05-31 18:01:30,Lake Angela,Android,False
ce8af4d8-21bf-4a30-9c7d-b21ecfa243f7,skirk@example.org,rfuentes@example.com,35256.78,2025-06-04 10:58:25,Trevinomouth,Android,False
140895d0-281b-4255-8fc7-6634cea323b4,mark92@example.com,usmith@example.org,35931.74,2025-06-08 09:12:03,West Melissashire,Android,False
3e078fa7-17c9-4c2e-951a-3787d03e6d92,ghancock@example.com,rebeccaunderwood@example.com,34551.06,2025-05-30 22:14:55,Tonyaburgh,iOS,False
09d31730-f2ef-4d45-b86f-1d33bfe19e5a,harrisveronica@example.net,anthonyvincent@example.com,1006.32,2025-06-03 21:20:58,Scotthaven,iOS,False
29a9464b-cd02-4ec0-8b2b-ac3c5950d2bd,morgan63@example.net,msmith@example.net,81902.48,2025-06-07 19:49:00,Jasonshire,Android,False
d2e922b3-e80a-4294-b3cf-eea6aac41158,jessicacampbell@example.org,jill24@example.com,59662.94,2025-06-17 06:46:22,Port Richard,iOS,False
191f3240-cb4c-4d8b-9b97-e907b75d980a,morrowsara@example.com,jonesashley@example.net,20805.72,2025-05-28 23:34:18,Juliaside,iOS,False
7e192ce3-2bdc-4ad0-b027-bdbd981f25ed,lisamoore@example.net,sawyersamuel@example.com,65905.26,2025-06-02 08:59:06,South Charleston,Android,False
4dc557e2-94ad-4516-b9e7-2e2acabfcd94,abigailandrews@example.net,hernandezmeghan@example.org,74800.2,2025-06-22 11:19:11,Dianaside,Windows,False
e8bb1f29-98d3-4b06-a454-5742d6591826,berrymichael@example.com,margaret51@example.com,36919.32,2025-06-12 21:11:17,Benjamintown,Android,False
1744bed8-cc2f-4e64-8b31-ec7eab39109c,osmith@example.com,acarter@example.org,93279.48,2025-06-16 15:50:27,Medinatown,iOS,False
a14d7071-519f-4558-aba1-a4b506bba00e,phillipharper@example.net,debrarodriguez@example.org,85918.97,2025-06-07 19:05:30,Georgefurt,iOS,False
916263b7-2f1d-4b70-ba5a-29ff752d67f6,gstone@example.com,ericaperry@example.net,45410.27,2025-06-25 04:28:16,Port Mariamouth,Linux,False
c1bbdab8-1c4a-4916-8ebf-722dcc35eb91,jasongonzalez@example.com,mark42@example.org,34451.52,2025-06-13 06:02:27,Hillfurt,Windows,False
664aaa39-8354-404f-b740-49d33a4bcaab,ymartin@example.org,igill@example.net,13024.47,2025-06-14 21:58:02,Samanthahaven,iOS,False
ca1871c6-9e7b-4789-873c-6d8bfeeb9881,uwalker@example.org,hernandezfrederick@example.org,36230.36,2025-06-05 12:49:34,New Tabitha,Linux,False
44296fe7-96df-4c08-bfc9-f149c05f9874,amyscott@example.com,bradleyrobinson@example.com,96091.1,2025-06-15 23:19:48,Kimberlyton,Windows,False
d4ae04b3-fab2-4780-bdbe-0be03b8bb80d,matthewgarcia@example.com,swatson@example.org,93713.31,2025-06-25 19:54:52,West Justinmouth,Windows,False
33744da6-b58e-4a1c-8df5-3f9b4102364b,jacobgray@example.net,elizabeth56@example.org,18412.71,2025-06-22 06:42:00,New Ryanville,Android,False
d9566c07-ea9b-44dd-b0b0-bed83f41b5b5,jill18@example.com,harry14@example.net,10267.02,2025-06-21 08:49:59,Gordonport,Windows,False
100cfe80-2132-4c24-81b3-77bd59eae69a,chrisowen@example.com,uadams@example.org,15648.74,2025-06-19 17:00:48,South Lisa,iOS,False
64d63e97-de6f-43f1-9ce7-6bc0c34c3f47,emorales@example.com,timothy40@example.com,94568.38,2025-06-16 15:49:22,South Brittneyland,iOS,False
29bdf604-3ed2-4848-8695-0d85e31b328e,kellyrodriguez@example.net,tina09@example.org,31595.98,2025-06-08 02:07:04,Millsbury,iOS,False
55b1f1c6-0592-41e1-9e0a-09a6a886e763,herringamanda@example.org,michael83@example.com,23673.35,2025-06-19 06:46:35,West Howard,iOS,False
9dc257bd-e19d-4d46-95cc-0b0d49556582,curtisedwards@example.org,navarropatricia@example.org,29113.04,2025-06-18 01:07:00,Millsfort,Linux,False
cc898b6a-733d-4528-9432-3934cda9cfae,clarkcynthia@example.com,william53@example.net,66322.92,2025-06-23 01:59:06,Jenniferland,iOS,True
5bc1c77a-fa29-4ad9-9cae-1234bb10d406,benjamindavis@example.net,vanessa54@example.com,60124.81,2025-05-27 11:55:26,Daniellestad,Linux,False
0cfcbe46-2002-4f82-95d0-a12d17bcd323,zharris@example.net,richard90@example.net,7801.33,2025-06-21 14:21:50,West Andrewberg,Android,False
61af473d-f106-492b-a1fa-46f346685cdd,tamara53@example.net,gallagherelizabeth@example.com,13210.71,2025-06-15 06:54:36,Andrewmouth,Windows,False
415fd4f3-7f13-4c0d-b9e6-5a53dd59195f,ethangaines@example.org,michellejackson@example.net,55082.21,2025-06-23 06:44:24,West Katrinabury,iOS,False
23f33d55-1924-4947-bb6b-8130f6874f7a,ariel58@example.com,narcher@example.net,59111.74,2025-06-20 18:59:38,East Davidborough,Windows,False
8dcdfa95-4cab-46c3-9c51-4c7120719868,williamsanita@example.net,cchavez@example.com,63700.23,2025-05-27 09:10:18,Jacquelineborough,Android,False
4174dc65-f964-4b27-b465-260092c47c99,emily98@example.org,pduncan@example.com,24813.37,2025-06-03 21:03:42,Joannmouth,Windows,False
8ea70cf1-1aff-4f25-96be-ad62d52da285,shannon19@example.com,hailey65@example.net,63708.08,2025-05-27 03:57:30,Port Tammymouth,Android,True
4d27653e-83c3-4b81-a8f3-00a8db761752,ashleycontreras@example.org,collinssteven@example.net,37649.41,2025-06-15 22:31:38,South Joyceview,Android,False
43237e08-74d4-4d6d-a28f-2a7a27503d1e,james69@example.com,aparker@example.net,41728.38,2025-06-19 05:36:56,Danielland,Windows,False
dcade3bf-f755-4463-9c34-0e9440400fe8,joshua32@example.net,eowens@example.org,44135.33,2025-05-29 10:49:51,New Brett,Windows,False
595af0cf-d16a-4182-bc40-8b2b133a2a82,michael65@example.org,nicole08@example.net,29338.23,2025-06-05 01:05:28,Katherinemouth,Linux,False
a40c0ab3-dfc7-43aa-9d0f-64d23bbaa05b,stokesmariah@example.org,rachel44@example.com,9114.74,2025-05-27 00:21:44,East Michael,iOS,False
bcea20e0-c497-449d-b20f-e04d1a4a17e1,jameslaura@example.net,nguyenerika@example.com,79653.74,2025-06-24 23:31:16,Lake Gregory,Windows,False
43f75e73-56a6-4bec-9599-9d257b4b57fe,qhoffman@example.org,brianscott@example.net,11224.75,2025-06-15 18:40:12,Lauriemouth,iOS,False
d1fd07da-07b5-4f89-be6d-8be48fb91db8,jesse83@example.com,gregorypatrick@example.org,79567.76,2025-06-11 16:33:45,Lake Joanne,Linux,False
5774a8f0-bc73-40c9-9918-cda4d95e1ab2,edward39@example.com,chamilton@example.com,92827.54,2025-06-01 02:51:44,Stephanieport,iOS,True
f23d934c-29a2-4bc4-af59-b50288a6966c,jeremy00@example.net,taylorterri@example.com,76766.4,2025-06-22 19:06:49,North Bob,Linux,False
5e0a3abd-c506-43ab-8675-18c95e19d2bd,christianhernandez@example.org,xprice@example.com,17481.97,2025-06-06 06:55:44,East Briannatown,Linux,False
f061ae72-228a-424d-99ac-7f9f2f7cf76a,christopher95@example.com,ortizmichael@example.net,34045.39,2025-06-03 12:42:48,East Mary,iOS,False
426afb9c-2653-439e-9135-27a318ef618f,floresbrandi@example.net,jensenmichael@example.com,35543.19,2025-06-03 19:52:47,South Robert,Android,False
a8acc1eb-6d49-4c3c-9837-e3c9fe1c054a,matthewtownsend@example.com,joseph52@example.com,48333.97,2025-06-24 23:09:00,East Brandi,iOS,False
b5e5f25d-defa-4514-80c9-9f276e4dd42f,kathydiaz@example.org,kortiz@example.org,29479.89,2025-06-21 04:37:30,Robertsborough,Linux,False
7303ca03-9f76-4290-8104-908f1f32140f,richardharding@example.com,zmcgrath@example.org,61877.36,2025-06-05 06:13:31,Port Maria,Android,False
4ff0f84c-3813-4f83-817f-e224820df53f,barbaraprice@example.net,jonathanfinley@example.com,21881.23,2025-06-19 14:53:16,Timothystad,Android,False
2210f28b-630f-40b1-9bef-38facbce125b,henryderrick@example.org,alexis49@example.com,76865.74,2025-06-24 17:43:27,North Jeffrey,Windows,False
229204c0-ccbc-4225-b7c8-dc619cdd3eaa,jennifer98@example.org,rachelprice@example.net,54525.36,2025-06-22 00:47:08,Wardfort,iOS,True
33b9426d-f25d-4d20-ae52-6cf5ced15cd3,garnerrandy@example.com,kyle24@example.com,42426.67,2025-06-03 18:26:28,Port Megan,Linux,False
2160af29-4ead-4428-b595-9257c10b89c0,tylerdavid@example.org,sharris@example.net,9264.38,2025-06-21 21:03:47,West Josephberg,Linux,False
5f000fa2-d5f4-4cd7-b1d2-2dfc92a94618,michaelmarks@example.net,brianmartinez@example.com,76011.38,2025-06-13 04:53:04,Jacobview,iOS,True
cd1fe22d-965d-4317-ab5e-68c2e3d86d14,gutierrezmatthew@example.net,melissa88@example.org,54378.64,2025-05-27 20:24:56,Lawsonmouth,Linux,False
cf8af92d-5d73-4293-92ea-a2c762efeb3f,davidhenderson@example.net,watkinsmonique@example.net,28016.04,2025-06-06 06:36:31,North Albert,Android,False
0a813be6-24f1-40a6-a706-45a88e106701,watsonmatthew@example.net,tryan@example.org,12091.95,2025-05-30 02:40:23,East Marcus,Android,False
a842d78e-ec95-490f-bc53-5a6045f8ba73,calhoundana@example.org,phudson@example.org,35.32,2025-06-08 07:23:04,Christopherberg,Linux,False
d9ce72ab-5cea-4dc0-9db0-a770c0d46663,jasoncharles@example.com,meredithsmith@example.net,52614.93,2025-06-04 09:01:31,New Cristian,Linux,False
1d507232-54a4-48c3-93ec-7d88199459c4,wendy83@example.com,ashleeknight@example.net,44464.01,2025-05-30 04:56:06,Davidsonton,Windows,False
7a03ee5c-77b9-411e-8ddf-384691fdbb38,tammy13@example.com,davistimothy@example.com,35388.67,2025-06-02 17:02:08,East Benjamin,iOS,False
ce0db340-30cc-468d-ba9f-3f59c92c663c,rogerwright@example.net,cookjennifer@example.org,59545.04,2025-06-09 10:27:15,Lake Thomas,Android,False
aea626c9-5863-476c-a76b-a1659bcb160a,mcaldwell@example.org,qbell@example.com,7054.86,2025-05-31 23:23:48,Rodriguezbury,Windows,False
8c63ea50-a003-45a5-8b69-1e67927b9b5a,adrian73@example.com,keithedwards@example.com,30567.34,2025-06-20 09:53:10,Penningtontown,Windows,False
0ffefecd-0b61-49ff-96ca-50c9ccd6126b,currybrian@example.net,shawn08@example.com,11827.3,2025-05-30 03:29:03,Lauraton,iOS,False
1bb9967b-19c8-4c07-8795-1f79d3f54817,desiree19@example.net,mcdowellalicia@example.org,89070.98,2025-06-20 23:43:18,East Brittanychester,iOS,False
64d13773-214c-4d29-ba7f-b889df29a50e,davidmoore@example.org,timothyjacobs@example.com,6818.62,2025-06-07 23:08:44,New Alyssaland,Windows,False
63f72b5f-aa07-46e1-b284-b450fec264ee,ojones@example.org,ryanchambers@example.com,28281.96,2025-06-03 15:36:13,New Benjamin,iOS,False
4c831ff4-106c-4112-97a7-50e83b38d6d0,jackieharmon@example.org,mcdowellpaul@example.com,57402.44,2025-06-15 22:42:46,Riveraside,iOS,False
352abdc0-d492-43f9-9741-3bcdfbdd8d33,matthewpetersen@example.net,john86@example.com,53142.27,2025-06-04 17:17:03,Morrismouth,Linux,False
5d531aa7-f032-472d-85d3-b767464a9b5d,turnerjames@example.org,khahn@example.com,95565.93,2025-06-02 08:17:07,Camachobury,Linux,False
9a979f42-065a-43d4-b2e9-933d649e0f3a,lroy@example.com,kfrazier@example.net,74145.29,2025-05-30 13:48:21,Josephfurt,Windows,False
1611d688-e843-4cb1-83a1-7a299727212f,kristinperry@example.com,ybrock@example.org,29232.49,2025-06-03 23:16:06,Stanleyshire,Windows,False
44f773bc-131e-4e35-a34a-c29a3f2c1569,hernandezchristina@example.net,frankvillarreal@example.com,56827.61,2025-06-08 17:12:20,Sarahfort,iOS,False
dc3f0480-a762-4386-aac9-839409d9bf3b,christinewright@example.org,ramoskevin@example.net,15715.43,2025-05-27 13:41:06,Aguirreburgh,Android,False
f57476f9-7342-42c2-9c13-da676ed2a4ac,boydmichael@example.com,farleynancy@example.net,38148.96,2025-06-11 05:37:03,Vanessaton,Linux,False
5192bcb8-0f33-431c-98ec-02e1bccca57a,nmartin@example.net,daltonzachary@example.net,13961.91,2025-06-02 11:43:29,Morrisbury,Windows,False
6e23d73a-2913-489e-9a09-fb602d27dd76,penny99@example.org,stevensandrew@example.com,35412.25,2025-06-03 11:09:23,North Jennifer,Linux,False
fe828c9b-54bd-403a-864b-dc2a476dd8a4,kevinclements@example.net,brownandrew@example.net,74237.12,2025-06-18 14:39:05,Shawnport,iOS,False
5a9ba498-a064-4f1b-9a1e-e0f6b973e941,tina17@example.net,colonconnor@example.org,47676.76,2025-05-31 21:26:51,Robinsonview,Windows,False
74a4edef-b8d5-4b93-9984-9ba8bf46ead5,william08@example.org,hstanley@example.net,49277.05,2025-06-20 17:49:05,Stevensland,Android,False
30422db9-986f-4ed6-8cf1-96bbe9f5e3ab,patricklopez@example.net,cooperjoshua@example.org,44403.74,2025-05-29 11:18:32,Paynemouth,iOS,False
b1f2dfcc-5dcf-4f61-8371-eb470e1ee981,whitakersean@example.net,itaylor@example.org,74523.52,2025-06-17 12:59:40,Angelaview,Android,False
1a6eb238-ad0d-4525-aaa0-92aeb15a1270,patrick03@example.net,marissa74@example.org,88734.65,2025-05-28 05:24:19,Piercetown,iOS,False
31fdcc43-fd3b-4021-9453-ef5c474957ad,robert46@example.net,ariana15@example.org,2564.42,2025-06-15 21:27:39,Baxterfurt,Linux,False
c02e3a7a-a151-4f1e-ac39-4ce765b8e1b0,ashleybradley@example.com,jamiemartin@example.org,39102.7,2025-06-09 11:53:37,North Wandafurt,Android,False
94ed072c-9e78-4e1a-b94f-adcd5d1ee1f3,thomaskeith@example.com,bradleykenneth@example.com,84624.02,2025-05-30 08:18:12,Christophermouth,Android,False
8ed739d7-d24f-4919-bd1d-339e34536a9b,nortonmichael@example.com,kyleyang@example.org,68692.69,2025-05-29 00:03:16,Savagefort,Android,True
f6e3a394-c487-4f5d-9100-c4c4148002cb,kstone@example.org,warrencharles@example.com,68632.79,2025-06-14 17:47:27,Stephanieburgh,Linux,False
7e39fd94-f850-4bec-a7f5-794c007ea2cb,stanley37@example.net,qwilliams@example.com,652.28,2025-06-12 02:34:10,Nobleshire,Android,False
b081690a-c73c-4b38-a50d-0c9ca556df18,ruizjennifer@example.net,sharon91@example.net,11624.05,2025-06-05 04:58:11,Fordmouth,Android,False
ac63457b-c470-40c6-bad8-1464959b0d07,eoneal@example.com,brendahendrix@example.net,99968.52,2025-06-04 13:00:28,East Jessicaside,Windows,False
c53b6776-6c58-46d2-bfa8-122d0bded216,edrake@example.com,adammay@example.com,72712.72,2025-06-06 12:27:26,Williamston,iOS,False
fabd7787-fd5a-45ec-8315-c8b0700e6a4f,williamsnicholas@example.net,daveshepard@example.org,14076.57,2025-06-10 04:25:39,North Andrewberg,Windows,False
9897d88f-a8b4-4255-9ff2-b98a0fccb52e,patriciarobinson@example.net,rebeccabarrett@example.org,19128.52,2025-06-20 00:12:37,Riveraland,Linux,False
335cf88b-fae2-43e1-a7fd-116ed8f5817f,princedana@example.com,kristen74@example.org,46094.88,2025-06-12 15:07:00,West Jessicahaven,Windows,False
f5114a9a-5f32-403e-9c62-58f0272c763d,annchoi@example.net,ericgomez@example.org,38419.17,2025-06-04 12:26:21,Romerohaven,Windows,False
0593a316-087b-443f-aff1-0c1d0e276b0f,lmartinez@example.org,beverett@example.net,42176.77,2025-06-04 02:50:50,Joeltown,Linux,False
ae4fd0d7-bad0-44d2-b9db-d64899bc0787,lauramurphy@example.net,mitchellsteven@example.org,14810.45,2025-06-08 15:50:39,Josephshire,iOS,False
01d04d0f-e5bc-460f-9e22-aff647a1d7c7,barryamy@example.com,samantha45@example.org,52420.95,2025-05-28 20:09:59,Shellystad,iOS,False
8034f222-b4a4-45c3-b4dc-5b1949523e70,tracyrobinson@example.org,qreed@example.org,20894.52,2025-05-31 19:31:00,Port Angela,iOS,False
9b99a16a-de25-43c0-b987-dcbc59fcd9c0,wbrown@example.org,mvargas@example.com,44417.99,2025-06-11 02:52:29,Faulknerborough,Linux,False
5f93f6e9-e36b-46fa-99d2-a06021fa3d49,matthew99@example.org,pgoodwin@example.net,42734.75,2025-05-30 03:54:18,Hendersonbury,Linux,False
f4c1c23b-da47-48f9-8ee4-140456481f4b,tmckay@example.net,jennifer33@example.org,38959.75,2025-06-19 23:00:02,East James,iOS,False
bd247b2b-6d75-472e-927f-3113f7a8992f,gcurtis@example.net,diazfrank@example.com,79560.39,2025-06-08 10:01:23,Sarahport,Linux,False
aa3e06f9-5351-4342-9b7c-b8edb2396f88,vickibyrd@example.net,itaylor@example.net,94004.06,2025-06-06 12:44:45,North Sarahberg,Android,False
346bdeda-1377-4d45-bcc0-20d910ca65f4,davidlowery@example.com,davissamuel@example.net,90583.15,2025-06-25 05:11:45,North Spencer,Android,False
bbb6ba4c-140a-478e-a925-9d812a2e0ea7,rosestuart@example.net,michaelsmith@example.net,23410.59,2025-06-04 08:29:32,West Christinastad,Android,False
f37412b0-01c6-43da-b515-36847c74077e,sknapp@example.org,ialvarez@example.net,87102.23,2025-06-15 07:20:35,West Andrewmouth,Windows,False
0815f813-8802-4d32-9c6b-7272de9c8d98,aliciacraig@example.com,ortizmelissa@example.net,5708.48,2025-06-12 23:25:50,Ashleytown,iOS,False
c0648c3c-a774-40d1-96a8-16f2449c6968,sarahlarson@example.com,shawnsmith@example.org,23314.09,2025-06-23 20:47:43,Gilmorefurt,Windows,False
c35cd4c3-39b2-4ebb-aca8-12e0446fae5b,nmorgan@example.net,wolfbarbara@example.net,61254.55,2025-06-17 14:06:37,South Toddfort,Windows,False
27fb60ca-b121-464d-b1bd-11f9e0c260f6,johnsonsarah@example.net,patrick39@example.net,77145.34,2025-05-27 15:39:56,New Kimberly,Windows,False
f2aa3b37-ad13-4d8b-8e95-4fc7c5b3a9fd,amanda26@example.net,barajasjonathan@example.org,41149.12,2025-05-28 20:16:34,Loriberg,Android,False
5df0ff7b-7524-4e44-acfd-67c235577250,fstokes@example.org,robert56@example.com,63191.62,2025-06-20 11:56:56,Powerstown,Linux,False
1319d512-4c46-49dd-a290-f0f53500c00f,christophersmith@example.com,brendarollins@example.net,58100.2,2025-06-14 20:32:12,Florestown,Linux,False
7e7e0780-8550-4347-a626-ac793d8abfe3,kevinmiller@example.org,barbaraschroeder@example.com,25482.67,2025-06-15 02:06:28,Rachelburgh,Linux,False
4e132492-573f-4e4e-bd62-c146afba65cd,waltontodd@example.net,smithmegan@example.net,21549.81,2025-06-03 23:46:42,Lake Melanie,Windows,False
6ff41d25-d00b-4607-b5fe-aca1a6fee832,jacksonmorris@example.net,michael76@example.org,4233.09,2025-06-13 19:11:38,West Kathy,Android,False
88e985bd-dbeb-43a4-bf99-cc5ed4e1efa1,ybrown@example.com,connie57@example.com,16294.13,2025-06-15 04:27:05,Leachland,Android,False
01a95f82-a339-4317-99f6-b8098aab78d6,debra49@example.com,nicole71@example.com,28988.07,2025-06-16 07:45:54,Paynefurt,Android,False
81670284-1d62-467e-af64-704637ab26b4,kim09@example.com,trobinson@example.org,14049.29,2025-06-25 00:52:23,New Amanda,Linux,False
ea6bed22-8848-41bc-bc09-e7529d0c7363,dwilson@example.com,matthew72@example.net,68053.59,2025-06-13 14:39:33,Wrightview,Linux,False
626a7f3e-c9ce-4799-9016-0550262894d1,kellywright@example.org,pstevenson@example.com,55781.27,2025-06-20 11:47:07,New Jennifer,iOS,False
59688841-0df5-4972-876e-f1af37eb9bfb,kathleenpoole@example.net,marydelacruz@example.com,45375.88,2025-06-16 15:29:41,Lake Codyport,Windows,False
fab8ee73-88fb-486c-9e46-c5955e817bb5,mezakelly@example.com,rhill@example.net,60835.8,2025-06-07 02:37:08,Lake Markfurt,Android,True
0b7349be-41e9-49ce-97ee-5d222743fd04,christinebishop@example.net,zrose@example.com,79481.07,2025-06-11 23:26:45,Port Susan,Windows,False
054b34e9-6922-4a46-8dd4-8f958b04fdf2,dianamiddleton@example.net,vhansen@example.org,53594.76,2025-06-16 22:21:10,Johnsonborough,Windows,False
a4cf0bc0-a184-42ec-ac2f-3164763f5917,lortega@example.net,danielmiller@example.com,25557.43,2025-06-08 09:52:49,Deborahfort,Android,False
fef41d2b-7e6a-4b5c-939c-fec1cbd57fbe,abigail75@example.org,petersonmichael@example.org,19021.28,2025-06-11 22:14:20,North Stephanieburgh,Android,False
6d734ec1-55f7-49a0-8069-bfca5a3377af,dana22@example.net,lowesarah@example.net,20967.04,2025-06-17 06:16:35,Johnsonhaven,Windows,False
07c05f03-4dbd-40c8-b690-304077ba5bb2,jeremy16@example.net,mhiggins@example.net,18786.63,2025-06-11 08:39:22,New Carolynshire,iOS,False
d297a189-5710-4060-aea2-9ca2dfdade0e,amanda18@example.net,michelle19@example.com,25135.19,2025-05-28 04:59:22,Port Lance,Windows,False
7a5d92dc-6db8-4178-ae36-24a150fb1ee4,vwalker@example.net,watsonmatthew@example.com,31230.09,2025-06-02 02:05:18,Knightshire,Linux,False
6d9b582d-d90a-4a60-9f14-f1c8afbd507f,erikwilliams@example.org,simpsonaaron@example.org,25471.37,2025-05-31 20:41:57,Lake Joy,Windows,False
1aa6b72c-1af2-4cc7-866f-679932faabac,allisonsmith@example.com,davidatkins@example.net,87198.85,2025-06-18 18:08:13,Brownville,iOS,False
47316680-5275-47dd-b90c-fd7e9c9da0d2,montgomeryalbert@example.org,sharon98@example.org,4459.85,2025-06-05 05:39:26,Maryshire,Android,False
ca85f48c-9bf0-4ec9-ae9e-ee3c96d3e516,sharonwalsh@example.org,sarah33@example.org,930.75,2025-06-18 07:26:16,Wellston,Linux,False
7927eac4-aa6f-4185-afe8-4fa960ed434d,campbellmackenzie@example.com,hernandezrhonda@example.com,72463.24,2025-05-29 06:11:27,North Barbara,Android,False
7294be45-deb6-4ee6-b176-72e2320bb03a,joshuachambers@example.net,travis59@example.org,91715.64,2025-06-15 16:26:04,New Carolynmouth,Linux,False
50dd55ec-3055-45bf-bd04-a69befb0512f,kingblake@example.org,kristine84@example.org,97889.55,2025-06-24 08:53:59,Heatherbury,Linux,False
380a9d60-7561-42a4-b39f-32497038f3af,weberdaniel@example.org,laurieharper@example.org,44016.46,2025-06-12 00:24:43,Courtneyburgh,Android,False
34f33a4e-f835-415b-8dbc-f517e7c0dc23,wiseamy@example.net,romanmartha@example.org,8156.88,2025-05-29 03:26:51,Jenniferchester,Android,False
1c829dca-156d-4344-a27b-748ab4e2c460,shellyjennings@example.net,kylecasey@example.org,82628.24,2025-06-20 10:24:17,Stephensonview,iOS,False
cca02f81-a512-490c-a8ec-562e0059835c,lisawagner@example.org,shawncrawford@example.net,41407.14,2025-06-10 19:54:13,Rogerburgh,iOS,False
ed9e2e72-a37d-4380-9026-47837feb1681,robinfletcher@example.net,umclean@example.net,44069.57,2025-06-12 07:06:49,West Jeremy,Android,False
c33f5e64-7d9a-4481-9e24-8f01fdcafb55,hamptonterri@example.net,uwilliams@example.org,81802.69,2025-06-05 10:03:45,North Mark,Linux,False
34bba371-b660-4cf3-b2e1-d8481d87667a,hawkinspatricia@example.net,tblackburn@example.net,3944.78,2025-06-12 01:50:57,Lake Alvin,iOS,False
fff4f1fe-0e01-4113-95f3-3777263c3221,troberts@example.com,warnermichael@example.net,24980.32,2025-05-29 16:45:59,South Nicoleton,iOS,False
ac7aff9a-d420-4326-882d-ff02061c2503,larry11@example.org,lindseylynch@example.net,12817.27,2025-06-24 04:57:57,Cassandramouth,Windows,False
f62bc9e4-e30a-4df1-849e-832a0779c443,zchandler@example.com,allenmichael@example.com,93446.74,2025-06-01 01:55:37,South Brian,Windows,True
3961abfb-d56a-4e5a-a627-f1dd9860696c,meganhernandez@example.org,qcardenas@example.org,99466.97,2025-05-27 12:50:36,Lake Shaun,Android,False
4e9b5b6d-b36a-4750-bbbf-c8674155970d,kenneth68@example.net,huntjeffrey@example.com,55709.84,2025-05-27 23:12:21,Barbarashire,Windows,False
46312749-3574-4419-93a3-917fadc3c2c4,alicia44@example.com,erodriguez@example.com,61012.1,2025-06-01 20:58:44,Lake Tracie,iOS,False
7a470ddc-9d2e-4daa-b788-27cebcab7a91,debra87@example.net,xpark@example.com,71109.68,2025-06-02 06:32:22,Sweeneyville,Linux,False
7b90669d-174f-4164-9850-e4ba80a0c925,sara10@example.org,sheltonholly@example.org,51408.41,2025-06-23 23:23:32,Santosmouth,Linux,False
3fff1ee0-f5fd-4c69-bd8b-b235910f8f66,jennifer70@example.com,ewatson@example.org,53621.14,2025-06-15 21:32:05,Lake Brandon,Windows,False
d46db698-7615-412b-9fa8-786e09bb66d8,ericacampbell@example.com,tammy52@example.net,27261.9,2025-06-07 11:22:19,South Eric,Android,False
7cafb86a-8819-4f8a-b3ce-62521d025dad,rwilson@example.com,carla40@example.org,11881.84,2025-06-11 16:14:17,Johnmouth,Android,False
c25f232d-8395-4af9-a3f3-c2c1dd15b3f2,monica48@example.org,harrismichael@example.org,17265.89,2025-06-07 03:37:14,Jesseborough,Linux,False
20a4c25b-b923-4f7e-8a12-4f0e003417e3,craigjonathan@example.com,christopher00@example.net,24884.88,2025-06-24 11:54:11,East Pamela,Windows,False
e2b3ab70-effb-4584-b775-f4f0adbba69d,sandra22@example.net,pcase@example.com,87980.05,2025-06-13 19:59:20,Michellebury,Android,False
29d122e5-e368-4c63-894d-1b107a6d363b,david33@example.org,joshuawoods@example.com,74194.74,2025-06-04 19:28:00,Jamiemouth,Linux,False
416a3247-0d08-4653-9d76-9420e4aaf2b6,kathrynprice@example.org,deborah72@example.net,85910.99,2025-06-08 22:26:23,Ortizborough,Android,False
5516c1a6-45d3-4a2c-8826-8550d171a798,barrettbarbara@example.org,lhowell@example.org,38475.61,2025-05-27 10:02:56,Patricialand,Windows,False
627edbdb-e188-4df5-92c9-ecef71838f66,ericksonmelanie@example.org,vrussell@example.org,11833.25,2025-06-16 18:25:56,East Misty,Windows,False
801286e8-a72f-4740-bf91-1c8288e386a7,madison82@example.net,mossjustin@example.net,22963.97,2025-06-21 07:01:58,Port Kevin,Windows,False
2970243b-3d47-43df-a97f-9e57cd84cbf3,kayla69@example.com,liutrevor@example.org,22163.58,2025-05-31 09:02:57,Joshuaberg,iOS,False
728a2656-d24a-4ab9-b407-94737edeb19d,matthew83@example.org,irwinwyatt@example.org,6488.07,2025-06-12 06:59:40,Grantfort,Windows,False
0f0ac134-2e0d-44ad-8888-d15e7eb7a8f3,opark@example.org,nmoody@example.net,67467.83,2025-06-04 03:09:46,North Katiebury,iOS,True
90a069ba-5447-453b-89dc-6fb4f5677aaf,vlopez@example.com,anthonylopez@example.net,37325.96,2025-05-27 21:48:20,Kimberlyport,Linux,False
8861e46f-2741-4045-8412-dfafafad6306,marcus46@example.org,ohull@example.com,28690.24,2025-06-13 15:09:42,Davisville,iOS,False
f9de976c-fed6-42eb-b300-b3f745edf42f,leah30@example.org,barrettronald@example.com,13737.42,2025-06-20 23:39:26,Brownbury,Android,False
d9815589-99ce-4d4d-8fa7-9e20e21eb588,robert50@example.org,joycelawrence@example.net,55316.75,2025-06-20 22:06:16,West Brittanyview,Windows,False
f9cc2893-b988-47f8-b098-f6d8ef92031f,dianalloyd@example.net,madelinetaylor@example.com,36705.06,2025-06-22 09:38:23,North Joseph,Android,False
f4a9f3dc-12cf-4121-9090-99512517ddaa,ranthony@example.com,cynthia65@example.net,81201.45,2025-06-24 19:51:17,Port Katherinechester,Linux,False
75171071-e675-47e7-b848-f19ad1fa1e14,jerryanderson@example.com,wallacejennifer@example.net,15532.76,2025-05-31 08:54:55,Millerbury,iOS,False
d98dee37-e782-47aa-8fd9-a1d0a44ee518,upayne@example.net,bradleystafford@example.com,51052.35,2025-06-14 07:42:48,East Wanda,Android,False
3f6b772a-3127-405b-8a96-4cb9a62a24d0,gboyer@example.org,elizabethyang@example.org,13566.72,2025-06-25 07:35:49,East Brendaland,iOS,False
4c3838a2-4b44-44f9-8c72-33c7febd7778,jeffrussell@example.com,woodchristopher@example.net,78146.57,2025-06-19 18:55:48,New Markland,Linux,False
f7e9735b-9701-43d3-bf79-6c6b28b665ac,phamgeoffrey@example.com,justin76@example.org,56954.11,2025-06-15 11:18:09,North David,iOS,False
8119d8a5-15ec-4b68-8d0b-d1c4921a3d1c,sjohns@example.net,kathrynespinoza@example.org,23539.23,2025-05-27 11:36:07,East Nicole,iOS,False
f9a847f5-4e9f-4040-b468-98d37eab9dfd,linda45@example.com,rojasphilip@example.org,81619.24,2025-06-17 22:38:36,Robertmouth,Linux,False
cdbfa829-4b70-4e9e-aee4-a7854b98a7b5,camachotrevor@example.org,guerrerojason@example.org,35352.71,2025-05-30 13:12:37,Lake James,iOS,False
8eb2455f-0890-4761-b7a4-b9c8c9722ddf,ekline@example.net,rlewis@example.org,62902.65,2025-06-17 03:09:47,Judithport,Android,True
0c016ca2-b92f-4288-9c70-a1b71c24bcf6,iclay@example.com,davidmiller@example.org,61605.52,2025-06-05 21:17:53,East Destinyhaven,Android,False
df0540c5-43a5-4a63-b006-9215929b5ca4,thomasmichelle@example.net,anthony13@example.net,52648.29,2025-06-17 18:24:58,Port Jesustown,Windows,False
379e1ff8-4c07-4b5d-88a9-87b79a240f2d,nicole92@example.net,gleach@example.org,48925.02,2025-05-30 12:59:00,South Eric,Windows,False
1b1abf6e-6b63-43c5-8b13-2540984af46c,greenshannon@example.org,nicole98@example.com,1273.42,2025-06-22 23:11:25,Tammybury,iOS,False
336e33e2-5b60-4086-a837-7287b79cdee6,hmyers@example.net,lisa93@example.net,55556.69,2025-06-21 18:19:49,New Erintown,iOS,False
119e1d1c-0440-4df3-a004-65b8a0d83360,markrodriguez@example.net,treynolds@example.com,66088.32,2025-06-07 15:22:07,Patrickberg,Linux,False
a836270a-a85f-4e82-bae1-200e623cacda,bobbyoneill@example.com,zhuff@example.org,80925.57,2025-06-07 23:50:06,Kaylahaven,Linux,False
8a03a812-bf50-4b68-94d4-d43ac2959368,mforbes@example.com,maria99@example.org,54607.42,2025-06-15 01:01:54,Georgeside,Android,True
c0f98dc2-0365-4dc4-b3fa-dd78cabd877d,pscott@example.net,macdonaldryan@example.com,25923.24,2025-06-14 11:27:38,Harrisport,Linux,False
5587e3c5-5715-42b3-b839-db4da0b0dea7,connor56@example.com,ukirby@example.org,70344.85,2025-05-28 17:16:17,Rodriguezmouth,Windows,False
44e3a656-f5bf-49ac-a6a4-ea773ad93abe,mike55@example.org,matthew44@example.org,78539.02,2025-06-08 08:07:28,Walkerville,Linux,False
7cb9ca3e-f0d3-4406-a74f-48f946038cab,igarrett@example.com,staceywilliams@example.org,94378.1,2025-06-06 19:31:56,Lake Shannonton,iOS,False
15fc5f40-45ab-4403-a741-8726203da639,jeremydavis@example.com,amcdonald@example.net,3838.4,2025-06-06 20:42:40,North Kim,iOS,False
77059fa8-56be-4bee-a67c-4de762f8d20a,meredith27@example.com,nathanielhull@example.com,34323.11,2025-06-01 04:52:50,North Kelly,Linux,False
c16a8771-a94a-440c-8926-e63271bd78ea,lambertsarah@example.net,fredericklopez@example.com,66846.58,2025-06-18 15:42:48,East Kristinestad,iOS,False
77082bdc-0907-4a13-9511-a3f9c46e1738,jacqueline52@example.net,rileyfrank@example.com,26018.06,2025-06-09 06:22:14,South Emilyfort,iOS,False
503618d0-737a-45fd-b91d-c0c47f136375,iperez@example.net,pgriffin@example.com,30497.19,2025-06-16 21:44:53,Colonport,Windows,False
54b9fb20-aedb-4e9e-8fa1-6d27d7fc0059,christopher11@example.org,lalexander@example.com,57363.57,2025-06-21 02:32:40,New Gregorychester,Android,True
4c8909e3-1d54-4d05-b0de-ca69debcb6d2,sarahrogers@example.org,gmyers@example.com,73234.06,2025-05-31 17:46:32,Lake Edwinton,iOS,False
61c668ce-8d5d-4790-8a2a-1b8e5ea67c39,lisa29@example.net,philipmarquez@example.org,35348.42,2025-06-04 01:05:19,Hudsonport,Linux,False
d109e20a-1a5b-4ffe-8a09-ac26fc1771ce,kenneth73@example.com,zsmith@example.org,62786.72,2025-05-30 06:02:51,Rodneyport,Android,False
a0ec729f-b41c-480a-bcfb-8a406fda1a8b,horntaylor@example.com,roywang@example.com,24154.29,2025-06-08 12:30:17,Barbarafort,Android,False
b0464634-93a7-468c-90c1-5f57fed68dc1,elizabethmitchell@example.org,davidbender@example.com,22585.3,2025-06-04 06:29:13,Danielborough,Windows,False
0992ced0-d3db-47b8-ae0f-cc0df36ff7ce,alyssa04@example.net,hsimmons@example.org,6663.84,2025-06-03 16:04:38,East Carly,Android,False
3d948007-c5dc-425a-9d82-15ce28eb40d5,smithnancy@example.net,wilkersontyler@example.com,34499.4,2025-06-01 20:32:34,Jenniferchester,Linux,False
29074abb-9f14-4852-b153-916b50ed151c,shawnharris@example.org,fcarroll@example.org,13593.71,2025-06-08 04:05:23,East Autumnburgh,iOS,False
02a12134-15f6-4e23-b5e6-93b6b9527fba,xhuang@example.net,salvarado@example.org,44902.2,2025-06-08 02:42:45,Masonbury,iOS,False
45ef60db-e378-4246-af33-42b5d3c401d0,ufox@example.com,tonya94@example.net,35809.93,2025-06-22 00:04:26,North Margaretport,iOS,False
b4e0bc15-218d-4f5e-acc7-d727158eb443,elizabethdavis@example.net,austinkim@example.org,64911.08,2025-06-11 06:34:06,North Jillbury,Linux,False
4e3a9452-1cf8-40e9-a3a5-92933ffeae99,charles37@example.net,savagealexandra@example.net,38273.0,2025-06-09 20:20:42,South Carrie,Linux,False
94436596-88eb-433c-bf50-8fbf80e5a698,qblackwell@example.net,mcculloughjeff@example.com,89093.48,2025-06-13 14:07:23,Williamstown,Linux,False
24d3ce32-c30b-4808-b65f-838e32f5cd3f,anthony21@example.net,robinsonjanet@example.org,75911.01,2025-06-07 14:40:32,North Robert,Android,False
a83c4c08-69c1-42c9-b2f3-3d7ab41156a6,thomasjenkins@example.com,jillgriffith@example.com,40899.29,2025-06-16 23:42:29,Brooksbury,Linux,False
0b9c2479-f152-4f17-a56f-c729228b9fac,richardcampbell@example.org,marystewart@example.com,17139.85,2025-06-22 21:44:38,West Jacobfort,iOS,False
0a3db26e-992d-4d24-854f-7963b6e1da18,annaclark@example.com,iperez@example.org,62188.18,2025-06-20 16:01:34,Warrenberg,iOS,False
7c208bb3-0de5-469c-9ab9-57917bd042c3,manderson@example.net,aclark@example.com,7973.95,2025-06-11 18:21:06,West Stevenmouth,iOS,False
3c000d99-5662-41a7-9d8a-5b3a3512ccaf,morgantaylor@example.net,stephen01@example.org,84015.25,2025-06-13 14:30:28,North Sherryview,iOS,False
84264520-9be1-442f-8f11-8ed83a08493c,lauren86@example.net,jerrypetersen@example.com,24686.96,2025-06-10 12:01:15,South Jamesborough,Android,False
4639618c-523f-4f19-a476-11e9347bdfff,christopheravila@example.com,dthompson@example.org,95656.88,2025-06-20 05:55:35,Harperland,iOS,False
a8fe84bf-0f5e-43c0-852b-ca940505a80b,bradycynthia@example.net,vmills@example.net,74283.74,2025-06-05 18:01:55,Lake Priscillaview,iOS,False
2331b262-75b1-4d44-94d2-88517042924d,powelladam@example.net,wendy23@example.net,71782.1,2025-06-23 15:08:30,Port Joshua,Linux,False
41ee6cf1-04c2-432c-aa56-fc9c0b1d9280,josephlopez@example.org,donaldadams@example.com,92765.67,2025-06-06 07:35:51,East Jamesbury,Android,False
4dd15ed3-e8c7-4b7b-86b9-eea03171cb88,robynjohnson@example.com,pamela16@example.com,62054.81,2025-06-05 15:37:16,Nicholasmouth,Linux,False
d844bf78-3ef5-4ae8-a219-ed06e97ee52a,mcharles@example.org,ramireznicole@example.org,71013.65,2025-06-14 15:54:07,Andradeport,Android,False
af22cc7a-5dee-4cba-905d-811c1beff1ff,floydsamantha@example.net,glen64@example.net,25254.76,2025-06-15 23:09:15,Lake Sarastad,Linux,False
cf92da64-dc91-4cce-b94a-1dee3e9f0945,madeline59@example.org,jonhunt@example.com,2736.45,2025-06-17 06:46:10,New Joseph,Android,False
ddb2f3da-e955-48be-b59b-f9c4d625e7c4,icooper@example.com,mark66@example.com,49639.53,2025-06-20 12:30:59,West Meganmouth,Windows,False
1a254c4e-7b21-4b00-9c15-1b782751d213,patriciaryan@example.net,scottfrank@example.com,29280.53,2025-06-05 17:16:04,West Williamtown,iOS,False
e50f48e5-c541-4b14-81f2-7798f0bfad81,paulhall@example.org,guzmanmichael@example.net,45817.1,2025-06-22 10:30:45,Michelletown,Windows,False
ad4f0f49-17c1-4b39-8d66-eb5d1082f73a,finleypaul@example.com,icarter@example.com,16236.85,2025-05-27 18:38:13,South Katherine,Linux,False
c844a165-f060-4172-a84a-eaff3fe81b4c,charles26@example.org,lewisgrant@example.org,33771.2,2025-06-24 07:24:29,Michellehaven,Linux,False
005c5023-c2bf-47cb-92f4-cf2e5887a3f1,kimberly38@example.org,laura13@example.net,94442.63,2025-06-17 00:34:46,Youngshire,Android,True
987695b0-23ac-4b84-be35-a53466ef219a,elizabeth30@example.net,tnorman@example.net,31083.31,2025-06-14 22:40:28,Chelseabury,Windows,False
a637bc63-dc4f-4fb6-9cd4-ff33eede3c34,kathleen88@example.org,fjones@example.com,55049.34,2025-06-10 02:49:08,Scotttown,Android,True
5eb5d53c-0ca1-42be-a947-0a0ddd999070,cbaker@example.org,bauermargaret@example.com,77293.51,2025-06-21 11:10:34,Deleonborough,Windows,False
504e99a0-dc07-47ba-9aa1-ad8ffa0baab0,woneal@example.net,margaret52@example.org,93409.65,2025-06-17 19:53:16,West Reginafurt,Android,False
6d96a044-2b16-4563-b166-a287c974a4b3,marywagner@example.com,rachel90@example.org,45597.21,2025-06-01 18:38:48,West Michelleview,Android,False
087a49f5-b34a-46da-ba4e-828fc357d8f1,angelakelley@example.org,ehaynes@example.com,40383.84,2025-06-12 16:50:52,Victoriahaven,Linux,False
952e95ec-29bd-4a88-b3bd-45a7a3563cf0,frankbush@example.com,njimenez@example.net,5124.73,2025-06-08 01:23:41,Douglasview,Windows,False
71cdf65e-9b73-4c70-8a28-e67f855a188d,tiffanymurray@example.org,madeline93@example.net,73998.45,2025-06-15 03:20:38,Floresshire,Android,True
2d2d06c9-7115-45f4-bbf2-363d7f5ba46e,sandersnicholas@example.com,zhart@example.net,25399.46,2025-06-05 12:44:40,Rodriguezberg,Windows,False
e5a9ff7e-a25d-4068-b846-cf56687c817e,joycebush@example.net,david98@example.org,99494.1,2025-06-13 12:12:45,Walkerside,iOS,False
f200e63a-d570-4b5a-8be0-15fcd1dfc26b,shelleybird@example.net,kelly10@example.com,76262.11,2025-06-04 06:07:32,Lake Johnton,Windows,False
d74a4e60-a432-435d-861e-3ae937448afb,lcampos@example.net,diana76@example.net,38613.31,2025-06-04 05:27:28,North Christopherborough,Windows,False
251b95d4-0f63-4fda-b982-46e666f4ccdb,vicki82@example.net,gperez@example.org,20904.88,2025-05-27 15:32:00,Alexanderport,Windows,False
